Cantons,Canton,Year,Nb_Centres,y11,y12,y13,y14,y15,y16,y17,y18,y19,CN,CN15,Difference_CN,AO_CN11,AO_CN15,Difference_AO_CN,Difference_AO15_CN15,Difference_PE15_CN15,Month,Nb_Centres_m,m1,m2,m3,m4,m5,m6,m7,m8,m9,m10,m11,m12,n1,n2,n3,n4,n5,n6,n7,n8,n9,n10,n11,n12,key
TICINO,11.TI,2011,4,4,4,4,6,8,9,8,8,8,4,8,4,4,8,4,0,2,2010,,,,,1,,,,,,1,,,,,,,,,,1,,,,,4.1
URI,02.UR,2011,1,1,1,1,1,1,1,1,1,1,1,1,0,1,1,0,0,1,2010,,,,,,,,,,,,,,,,,,,,,,,,,,0.4
NIDWALDEN,08.NW,2011,3,3,3,3,3,3,3,3,3,3,3,3,0,3,3,0,0,0,2010,,,,,,,,,,,,,,,,1,,-1,,,1,-1,,,,0.5
SCHWYZ,15.SZ,2011,5,5,5,5,4,5,4,6,4,4,5,5,0,5,5,0,0,2,2010,,,,,,,,,,,1,,,,,,,,,,,,,,,1.9
OBWALDEN,01.OW,2011,0,0,1,1,0,1,1,1,1,1,0,0,0,0,1,1,1,2,2010,,,,,,,,,,,,1,,,,,,,,,,,,,,0.4
LUZERN,06.LU,2011,2,2,2,3,4,13,16,13,9,8,2,11,9,2,12,10,1,3,2010,1,1,1,1,,,1,,1,1,3,,,,2,0,0,,1,0,0,,,1,-1,4.8
ZUG,07.ZG,2011,4,4,4,3,3,6,7,7,6,5,3,5,2,3,5,2,0,1,2010,,,,,1,,,,,1,,,,,-1,1,,,,1,,,,,,1.5
GRAUBUNDEN,19.GR,2011,7,7,8,7,8,15,13,14,12,9,7,11,4,7,13,6,2,3,2010,,,1,-1,,,,2,,,2,-1,,,,-1,,1,1,,,,,,-1,2.3
APPENZELL AUSSERHODEN,03.AR,2011,1,1,1,1,1,1,2,2,2,2,1,1,0,1,1,0,0,0,2010,,,,,,,,,,,,,,,1,,2,1,,,-1,,,,-2,0.7
APPENZELL INNERHODEN,04.AI,2011,1,1,1,1,1,3,3,3,3,3,1,2,1,1,4,3,2,0,2010,,,,,,,,,,,1,0,,,,,,,,,,,,,,0.2
SANKT GALLEN ,16.SG,2011,6,6,5,6,8,10,9,6,7,6,5,9,4,5,10,5,1,2,2010,-1,-1,1,-1,,,,,1,,1,1,-1,0,1,-2,-1,,,,,,,,1,5.9
THURGAU,23.TG,2011,12,12,12,12,13,14,14,13,12,11,12,13,1,12,14,2,1,0,2010,,,,,,,,,,,1,,,,,,,,,,,,,,,3.2
GLARUS,13.GL,2011,4,4,4,4,5,5,6,6,6,6,4,5,1,4,5,1,0,0,2010,,,,,,,,,,,,,,,,1,,,,,,,,,,2.3
SCHAFFHAUSEN,12.SH,2011,4,4,5,5,7,8,7,6,5,5,4,8,4,4,8,4,0,0,2010,,,,,,,,1,,,,2,-2,,,,,,,1,,,,,,1
BASEL-LANDSCHAFT ,20.BL,2011,8,8,10,9,9,12,13,13,12,10,7,9,2,7,9,2,0,3,2010,,,,,,,,,,,1,2,,2,1,,1,,,,,,-1,2,-4,3.4
BASEL-STADT,14.BS,2011,4,4,5,5,6,7,3,4,4,4,4,6,2,4,6,2,0,0,2010,,,,,,,,,,,,1,1,,,,-1,-1,,,,,-1,,-1,2.3
AARGAU,24.AG,2011,12,12,12,15,18,27,27,25,24,22,12,25,13,12,26,14,1,0,2010,,,,1,1,,1,2,1,,1,1,,,2,,-1,,,-1,,0,,,,7.9
SOLOTHURN ,05.SO,2011,3,3,3,2,5,7,9,7,6,7,2,6,4,2,6,4,0,2,2010,,,,1,,,,-1,,,1,,,1,1,,,,,,,1,,-1,,3.2
ZURICH ,26.ZH,2011,22,22,23,22,21,31,36,32,28,31,22,27,5,22,27,5,0,3,2010,0,0,1,0,0,0,1,1,0,2,1,2,0,8,0,-1,0,0,-2,0,1,-1,0,0,0,17.8
WALLIS ,18.VS,2011,6,6,7,7,6,8,7,7,7,7,6,8,2,6,8,2,0,1,2010,,,,,,,1,1,,,,1,,,,-1,,1,,,,,,-1,,4
BERN ,25.BE,2011,20,20,21,22,26,41,49,33,27,23,19,32,13,19,35,16,3,8,2010,,,,,,,1,1,2,1,2,3,,4,,1,1,-2,1,1,,,,1,1,12.1
JURA ,10.JU,2011,3,3,4,4,4,7,6,7,7,7,3,5,2,3,5,2,0,0,2010,,,,,,,,,1,,,2,,,,,,-1,,,,,,,,0.9
NEUCHATEL ,09.NE,2011,3,3,4,4,5,7,4,3,2,2,3,6,3,3,6,3,0,2,2010,,,,,,,,0,,1,,,,,,,-1,-1,,,,,1,,,2.1
FRIBOURG,17.FR,2011,5,5,6,6,6,9,9,8,7,5,5,7,2,5,9,4,2,3,2010,,,,,,,1,,,2,-1,1,,,2,-1,,,-1,,-1,,,1,,3.7
VAUD,22.VD,2011,10,10,14,12,15,29,23,13,11,12,10,21,11,10,24,14,3,2,2010,,,,,,,0,2,2,3,2,3,,,1,-3,1,,,,,-2,,-1,-2,9.4
GENEVE,21.GE,2011,10,10,11,10,11,16,20,14,13,14,10,16,6,10,16,6,0,1,2010,,,,,,,2,1,1,1,,,,2,,3,,,,,,,,,-1,5.8
TICINO,11.TI,2012,4,,,,,,,,,,,,,,,,,,2011,,,,,,,,,,,,,,,,,,,,,,,,,,
URI,02.UR,2012,1,,,,,,,,,,,,,,,,,,2011,,,,,,,,,,,,,,,,,,,,,,,,,,
NIDWALDEN,08.NW,2012,3,,,,,,,,,,,,,,,,,,2011,,,,,,,,,,,,,,,,,,,,,,,,,,
SCHWYZ,15.SZ,2012,5,,,,,,,,,,,,,,,,,,2011,,,,,,,,,,,,,,,,,,,,,,,,,,
OBWALDEN,01.OW,2012,1,,,,,,,,,,,,,,,,,,2011,,,,,,,,,,,,,,,,,,,,,,,,,,
LUZERN,06.LU,2012,2,,,,,,,,,,,,,,,,,,2011,1,,,,,,,,,,,,,,,,,,,,,,,,,
ZUG,07.ZG,2012,4,,,,,,,,,,,,,,,,,,2011,,,,,,,,,,,,,,,,,,,,,,,,,,
GRAUBUNDEN,19.GR,2012,8,,,,,,,,,,,,,,,,,,2011,1,,,,,,,,,,,,,,,,,,,,,,,,,
APPENZELL AUSSERHODEN,03.AR,2012,1,,,,,,,,,,,,,,,,,,2011,,,,,,,,,,,,,,,,,,,,,,,,,,
APPENZELL INNERHODEN,04.AI,2012,1,,,,,,,,,,,,,,,,,,2011,,,,,,,,,,,,,,,,,,,,,,,,,,
SANKT GALLEN ,16.SG,2012,5,,,,,,,,,,,,,,,,,,2011,1,,,,,,,,,,,,,,,,,,,,,,,,,
THURGAU,23.TG,2012,12,,,,,,,,,,,,,,,,,,2011,,,,,,,,,,,,,,,,,,,,,,,,,,
GLARUS,13.GL,2012,4,,,,,,,,,,,,,,,,,,2011,,,,,,,,,,,,,,,,,,,,,,,,,,
SCHAFFHAUSEN,12.SH,2012,5,,,,,,,,,,,,,,,,,,2011,,,,,,,,,,,,,,,,,,,,,,,,,,
BASEL-LANDSCHAFT ,20.BL,2012,10,,,,,,,,,,,,,,,,,,2011,,,,,,,,,,,,,,,,,,,,,,,,,,
BASEL-STADT,14.BS,2012,5,,,,,,,,,,,,,,,,,,2011,,,,,,,,,,,,,,,,,,,,,,,,,,
AARGAU,24.AG,2012,12,,,,,,,,,,,,,,,,,,2011,,,,,,,,,,,,,,,,,,,,,,,,,,
SOLOTHURN ,05.SO,2012,3,,,,,,,,,,,,,,,,,,2011,,,,,,,,,,,,,,,,,,,,,,,,,,
ZURICH ,26.ZH,2012,23,,,,,,,,,,,,,,,,,,2011,1,,,,,,,,,,,,,,,,,,,,,,,,,
WALLIS ,18.VS,2012,7,,,,,,,,,,,,,,,,,,2011,,,,,,,,,,,,,,,,,,,,,,,,,,
BERN ,25.BE,2012,21,,,,,,,,,,,,,,,,,,2011,,,,,,,,,,,,,,,,,,,,,,,,,,
JURA ,10.JU,2012,4,,,,,,,,,,,,,,,,,,2011,,,,,,,,,,,,,,,,,,,,,,,,,,
NEUCHATEL ,09.NE,2012,4,,,,,,,,,,,,,,,,,,2011,,,,,,,,,,,,,,,,,,,,,,,,,,
FRIBOURG,17.FR,2012,6,,,,,,,,,,,,,,,,,,2011,,,,,,,,,,,,,,,,,,,,,,,,,,
VAUD,22.VD,2012,14,,,,,,,,,,,,,,,,,,2011,,,,,,,,,,,,,,,,,,,,,,,,,,
GENEVE,21.GE,2012,11,,,,,,,,,,,,,,,,,,2011,,,,,,,,,,,,,,,,,,,,,,,,,,
TICINO,11.TI,2013,4,,,,,,,,,,,,,,,,,,2012,,,,,,,,,,,,,,,,,,,,,,,,,,
URI,02.UR,2013,1,,,,,,,,,,,,,,,,,,2012,,,,,,,,,,,,,,,,,,,,,,,,,,
NIDWALDEN,08.NW,2013,3,,,,,,,,,,,,,,,,,,2012,,,,,,,,,,,,,,,,,,,,,,,,,,
SCHWYZ,15.SZ,2013,5,,,,,,,,,,,,,,,,,,2012,,,,,,,,,,,,,,,,,,,,,,,,,,
OBWALDEN,01.OW,2013,1,,,,,,,,,,,,,,,,,,2012,,,,,,,,,,,,,,,,,,,,,,,,,,
LUZERN,06.LU,2013,3,,,,,,,,,,,,,,,,,,2012,1,,,,,,,,,,,,,,,,,,,,,,,,,
ZUG,07.ZG,2013,3,,,,,,,,,,,,,,,,,,2012,,,,,,,,,,,,,,,,,,,,,,,,,,
GRAUBUNDEN,19.GR,2013,7,,,,,,,,,,,,,,,,,,2012,-1,,,,,,,,,,,,,,,,,,,,,,,,,
APPENZELL AUSSERHODEN,03.AR,2013,1,,,,,,,,,,,,,,,,,,2012,,,,,,,,,,,,,,,,,,,,,,,,,,
APPENZELL INNERHODEN,04.AI,2013,1,,,,,,,,,,,,,,,,,,2012,,,,,,,,,,,,,,,,,,,,,,,,,,
SANKT GALLEN ,16.SG,2013,6,,,,,,,,,,,,,,,,,,2012,-1,,,,,,,,,,,,,,,,,,,,,,,,,
THURGAU,23.TG,2013,12,,,,,,,,,,,,,,,,,,2012,,,,,,,,,,,,,,,,,,,,,,,,,,
GLARUS,13.GL,2013,4,,,,,,,,,,,,,,,,,,2012,,,,,,,,,,,,,,,,,,,,,,,,,,
SCHAFFHAUSEN,12.SH,2013,5,,,,,,,,,,,,,,,,,,2012,,,,,,,,,,,,,,,,,,,,,,,,,,
BASEL-LANDSCHAFT ,20.BL,2013,9,,,,,,,,,,,,,,,,,,2012,,,,,,,,,,,,,,,,,,,,,,,,,,
BASEL-STADT,14.BS,2013,5,,,,,,,,,,,,,,,,,,2012,,,,,,,,,,,,,,,,,,,,,,,,,,
AARGAU,24.AG,2013,15,,,,,,,,,,,,,,,,,,2012,1,,,,,,,,,,,,,,,,,,,,,,,,,
SOLOTHURN ,05.SO,2013,2,,,,,,,,,,,,,,,,,,2012,1,,,,,,,,,,,,,,,,,,,,,,,,,
ZURICH ,26.ZH,2013,22,,,,,,,,,,,,,,,,,,2012,0,,,,,,,,,,,,,,,,,,,,,,,,,
WALLIS ,18.VS,2013,7,,,,,,,,,,,,,,,,,,2012,,,,,,,,,,,,,,,,,,,,,,,,,,
BERN ,25.BE,2013,22,,,,,,,,,,,,,,,,,,2012,,,,,,,,,,,,,,,,,,,,,,,,,,
JURA ,10.JU,2013,4,,,,,,,,,,,,,,,,,,2012,,,,,,,,,,,,,,,,,,,,,,,,,,
NEUCHATEL ,09.NE,2013,4,,,,,,,,,,,,,,,,,,2012,,,,,,,,,,,,,,,,,,,,,,,,,,
FRIBOURG,17.FR,2013,6,,,,,,,,,,,,,,,,,,2012,,,,,,,,,,,,,,,,,,,,,,,,,,
VAUD,22.VD,2013,12,,,,,,,,,,,,,,,,,,2012,,,,,,,,,,,,,,,,,,,,,,,,,,
GENEVE,21.GE,2013,10,,,,,,,,,,,,,,,,,,2012,,,,,,,,,,,,,,,,,,,,,,,,,,
TICINO,11.TI,2014,6,,,,,,,,,,,,,,,,,,2013,1,,,,,,,,,,,,,,,,,,,,,,,,,
URI,02.UR,2014,1,,,,,,,,,,,,,,,,,,2013,,,,,,,,,,,,,,,,,,,,,,,,,,
NIDWALDEN,08.NW,2014,3,,,,,,,,,,,,,,,,,,2013,,,,,,,,,,,,,,,,,,,,,,,,,,
SCHWYZ,15.SZ,2014,4,,,,,,,,,,,,,,,,,,2013,,,,,,,,,,,,,,,,,,,,,,,,,,
OBWALDEN,01.OW,2014,0,,,,,,,,,,,,,,,,,,2013,,,,,,,,,,,,,,,,,,,,,,,,,,
LUZERN,06.LU,2014,4,,,,,,,,,,,,,,,,,,2013,,,,,,,,,,,,,,,,,,,,,,,,,,
ZUG,07.ZG,2014,3,,,,,,,,,,,,,,,,,,2013,1,,,,,,,,,,,,,,,,,,,,,,,,,
GRAUBUNDEN,19.GR,2014,8,,,,,,,,,,,,,,,,,,2013,,,,,,,,,,,,,,,,,,,,,,,,,,
APPENZELL AUSSERHODEN,03.AR,2014,1,,,,,,,,,,,,,,,,,,2013,,,,,,,,,,,,,,,,,,,,,,,,,,
APPENZELL INNERHODEN,04.AI,2014,1,,,,,,,,,,,,,,,,,,2013,,,,,,,,,,,,,,,,,,,,,,,,,,
SANKT GALLEN ,16.SG,2014,8,,,,,,,,,,,,,,,,,,2013,,,,,,,,,,,,,,,,,,,,,,,,,,
THURGAU,23.TG,2014,13,,,,,,,,,,,,,,,,,,2013,,,,,,,,,,,,,,,,,,,,,,,,,,
GLARUS,13.GL,2014,5,,,,,,,,,,,,,,,,,,2013,,,,,,,,,,,,,,,,,,,,,,,,,,
SCHAFFHAUSEN,12.SH,2014,7,,,,,,,,,,,,,,,,,,2013,,,,,,,,,,,,,,,,,,,,,,,,,,
BASEL-LANDSCHAFT ,20.BL,2014,9,,,,,,,,,,,,,,,,,,2013,,,,,,,,,,,,,,,,,,,,,,,,,,
BASEL-STADT,14.BS,2014,6,,,,,,,,,,,,,,,,,,2013,,,,,,,,,,,,,,,,,,,,,,,,,,
AARGAU,24.AG,2014,18,,,,,,,,,,,,,,,,,,2013,1,,,,,,,,,,,,,,,,,,,,,,,,,
SOLOTHURN ,05.SO,2014,5,,,,,,,,,,,,,,,,,,2013,,,,,,,,,,,,,,,,,,,,,,,,,,
ZURICH ,26.ZH,2014,21,,,,,,,,,,,,,,,,,,2013,0,,,,,,,,,,,,,,,,,,,,,,,,,
WALLIS ,18.VS,2014,6,,,,,,,,,,,,,,,,,,2013,,,,,,,,,,,,,,,,,,,,,,,,,,
BERN ,25.BE,2014,26,,,,,,,,,,,,,,,,,,2013,,,,,,,,,,,,,,,,,,,,,,,,,,
JURA ,10.JU,2014,4,,,,,,,,,,,,,,,,,,2013,,,,,,,,,,,,,,,,,,,,,,,,,,
NEUCHATEL ,09.NE,2014,5,,,,,,,,,,,,,,,,,,2013,,,,,,,,,,,,,,,,,,,,,,,,,,
FRIBOURG,17.FR,2014,6,,,,,,,,,,,,,,,,,,2013,,,,,,,,,,,,,,,,,,,,,,,,,,
VAUD,22.VD,2014,15,,,,,,,,,,,,,,,,,,2013,,,,,,,,,,,,,,,,,,,,,,,,,,
GENEVE,21.GE,2014,11,,,,,,,,,,,,,,,,,,2013,,,,,,,,,,,,,,,,,,,,,,,,,,
TICINO,11.TI,2016,8,,,,,,,,,,,,,,,,,,2014,,,,,,,,,,,,,,,,,,,,,,,,,,
URI,02.UR,2016,1,,,,,,,,,,,,,,,,,,2014,,,,,,,,,,,,,,,,,,,,,,,,,,
NIDWALDEN,08.NW,2016,3,,,,,,,,,,,,,,,,,,2014,,,,,,,,,,,,,,,,,,,,,,,,,,
SCHWYZ,15.SZ,2016,5,,,,,,,,,,,,,,,,,,2014,,,,,,,,,,,,,,,,,,,,,,,,,,
OBWALDEN,01.OW,2016,1,,,,,,,,,,,,,,,,,,2014,,,,,,,,,,,,,,,,,,,,,,,,,,
LUZERN,06.LU,2016,13,,,,,,,,,,,,,,,,,,2014,,,,,,,,,,,,,,,,,,,,,,,,,,
ZUG,07.ZG,2016,6,,,,,,,,,,,,,,,,,,2014,,,,,,,,,,,,,,,,,,,,,,,,,,
GRAUBUNDEN,19.GR,2016,15,,,,,,,,,,,,,,,,,,2014,,,,,,,,,,,,,,,,,,,,,,,,,,
APPENZELL AUSSERHODEN,03.AR,2016,1,,,,,,,,,,,,,,,,,,2014,,,,,,,,,,,,,,,,,,,,,,,,,,
APPENZELL INNERHODEN,04.AI,2016,3,,,,,,,,,,,,,,,,,,2014,,,,,,,,,,,,,,,,,,,,,,,,,,
SANKT GALLEN ,16.SG,2016,10,,,,,,,,,,,,,,,,,,2014,,,,,,,,,,,,,,,,,,,,,,,,,,
THURGAU,23.TG,2016,14,,,,,,,,,,,,,,,,,,2014,,,,,,,,,,,,,,,,,,,,,,,,,,
GLARUS,13.GL,2016,5,,,,,,,,,,,,,,,,,,2014,,,,,,,,,,,,,,,,,,,,,,,,,,
SCHAFFHAUSEN,12.SH,2016,8,,,,,,,,,,,,,,,,,,2014,,,,,,,,,,,,,,,,,,,,,,,,,,
BASEL-LANDSCHAFT ,20.BL,2016,12,,,,,,,,,,,,,,,,,,2014,,,,,,,,,,,,,,,,,,,,,,,,,,
BASEL-STADT,14.BS,2016,7,,,,,,,,,,,,,,,,,,2014,,,,,,,,,,,,,,,,,,,,,,,,,,
AARGAU,24.AG,2016,27,,,,,,,,,,,,,,,,,,2014,,,,,,,,,,,,,,,,,,,,,,,,,,
SOLOTHURN ,05.SO,2016,7,,,,,,,,,,,,,,,,,,2014,,,,,,,,,,,,,,,,,,,,,,,,,,
ZURICH ,26.ZH,2016,31,,,,,,,,,,,,,,,,,,2014,0,,,,,,,,,,,,,,,,,,,,,,,,,
WALLIS ,18.VS,2016,8,,,,,,,,,,,,,,,,,,2014,,,,,,,,,,,,,,,,,,,,,,,,,,
BERN ,25.BE,2016,41,,,,,,,,,,,,,,,,,,2014,,,,,,,,,,,,,,,,,,,,,,,,,,
JURA ,10.JU,2016,7,,,,,,,,,,,,,,,,,,2014,,,,,,,,,,,,,,,,,,,,,,,,,,
NEUCHATEL ,09.NE,2016,7,,,,,,,,,,,,,,,,,,2014,,,,,,,,,,,,,,,,,,,,,,,,,,
FRIBOURG,17.FR,2016,9,,,,,,,,,,,,,,,,,,2014,,,,,,,,,,,,,,,,,,,,,,,,,,
VAUD,22.VD,2016,29,,,,,,,,,,,,,,,,,,2014,,,,,,,,,,,,,,,,,,,,,,,,,,
GENEVE,21.GE,2016,16,,,,,,,,,,,,,,,,,,2014,,,,,,,,,,,,,,,,,,,,,,,,,,
TICINO,11.TI,2017,9,,,,,,,,,,,,,,,,,,2015,,,,,,,,,,,,,,,,,,,,,,,,,,
URI,02.UR,2017,1,,,,,,,,,,,,,,,,,,2015,,,,,,,,,,,,,,,,,,,,,,,,,,
NIDWALDEN,08.NW,2017,3,,,,,,,,,,,,,,,,,,2015,,,,,,,,,,,,,,,,,,,,,,,,,,
SCHWYZ,15.SZ,2017,4,,,,,,,,,,,,,,,,,,2015,,,,,,,,,,,,,,,,,,,,,,,,,,
OBWALDEN,01.OW,2017,1,,,,,,,,,,,,,,,,,,2015,,,,,,,,,,,,,,,,,,,,,,,,,,
LUZERN,06.LU,2017,16,,,,,,,,,,,,,,,,,,2015,1,,,,,,,,,,,,,,,,,,,,,,,,,
ZUG,07.ZG,2017,7,,,,,,,,,,,,,,,,,,2015,,,,,,,,,,,,,,,,,,,,,,,,,,
GRAUBUNDEN,19.GR,2017,13,,,,,,,,,,,,,,,,,,2015,,,,,,,,,,,,,,,,,,,,,,,,,,
APPENZELL AUSSERHODEN,03.AR,2017,2,,,,,,,,,,,,,,,,,,2015,,,,,,,,,,,,,,,,,,,,,,,,,,
APPENZELL INNERHODEN,04.AI,2017,3,,,,,,,,,,,,,,,,,,2015,,,,,,,,,,,,,,,,,,,,,,,,,,
SANKT GALLEN ,16.SG,2017,9,,,,,,,,,,,,,,,,,,2015,,,,,,,,,,,,,,,,,,,,,,,,,,
THURGAU,23.TG,2017,14,,,,,,,,,,,,,,,,,,2015,,,,,,,,,,,,,,,,,,,,,,,,,,
GLARUS,13.GL,2017,6,,,,,,,,,,,,,,,,,,2015,,,,,,,,,,,,,,,,,,,,,,,,,,
SCHAFFHAUSEN,12.SH,2017,7,,,,,,,,,,,,,,,,,,2015,,,,,,,,,,,,,,,,,,,,,,,,,,
BASEL-LANDSCHAFT ,20.BL,2017,13,,,,,,,,,,,,,,,,,,2015,,,,,,,,,,,,,,,,,,,,,,,,,,
BASEL-STADT,14.BS,2017,3,,,,,,,,,,,,,,,,,,2015,,,,,,,,,,,,,,,,,,,,,,,,,,
AARGAU,24.AG,2017,27,,,,,,,,,,,,,,,,,,2015,1,,,,,,,,,,,,,,,,,,,,,,,,,
SOLOTHURN ,05.SO,2017,9,,,,,,,,,,,,,,,,,,2015,,,,,,,,,,,,,,,,,,,,,,,,,,
ZURICH ,26.ZH,2017,36,,,,,,,,,,,,,,,,,,2015,1,,,,,,,,,,,,,,,,,,,,,,,,,
WALLIS ,18.VS,2017,7,,,,,,,,,,,,,,,,,,2015,1,,,,,,,,,,,,,,,,,,,,,,,,,
BERN ,25.BE,2017,49,,,,,,,,,,,,,,,,,,2015,1,,,,,,,,,,,,,,,,,,,,,,,,,
JURA ,10.JU,2017,6,,,,,,,,,,,,,,,,,,2015,,,,,,,,,,,,,,,,,,,,,,,,,,
NEUCHATEL ,09.NE,2017,4,,,,,,,,,,,,,,,,,,2015,,,,,,,,,,,,,,,,,,,,,,,,,,
FRIBOURG,17.FR,2017,9,,,,,,,,,,,,,,,,,,2015,1,,,,,,,,,,,,,,,,,,,,,,,,,
VAUD,22.VD,2017,23,,,,,,,,,,,,,,,,,,2015,0,,,,,,,,,,,,,,,,,,,,,,,,,
GENEVE,21.GE,2017,20,,,,,,,,,,,,,,,,,,2015,2,,,,,,,,,,,,,,,,,,,,,,,,,
TICINO,11.TI,2018,8,,,,,,,,,,,,,,,,,,2016,,,,,,,,,,,,,,,,,,,,,,,,,,
URI,02.UR,2018,1,,,,,,,,,,,,,,,,,,2016,,,,,,,,,,,,,,,,,,,,,,,,,,
NIDWALDEN,08.NW,2018,3,,,,,,,,,,,,,,,,,,2016,,,,,,,,,,,,,,,,,,,,,,,,,,
SCHWYZ,15.SZ,2018,6,,,,,,,,,,,,,,,,,,2016,,,,,,,,,,,,,,,,,,,,,,,,,,
OBWALDEN,01.OW,2018,1,,,,,,,,,,,,,,,,,,2016,,,,,,,,,,,,,,,,,,,,,,,,,,
LUZERN,06.LU,2018,13,,,,,,,,,,,,,,,,,,2016,,,,,,,,,,,,,,,,,,,,,,,,,,
ZUG,07.ZG,2018,7,,,,,,,,,,,,,,,,,,2016,,,,,,,,,,,,,,,,,,,,,,,,,,
GRAUBUNDEN,19.GR,2018,14,,,,,,,,,,,,,,,,,,2016,2,,,,,,,,,,,,,,,,,,,,,,,,,
APPENZELL AUSSERHODEN,03.AR,2018,2,,,,,,,,,,,,,,,,,,2016,,,,,,,,,,,,,,,,,,,,,,,,,,
APPENZELL INNERHODEN,04.AI,2018,3,,,,,,,,,,,,,,,,,,2016,,,,,,,,,,,,,,,,,,,,,,,,,,
SANKT GALLEN ,16.SG,2018,6,,,,,,,,,,,,,,,,,,2016,,,,,,,,,,,,,,,,,,,,,,,,,,
THURGAU,23.TG,2018,13,,,,,,,,,,,,,,,,,,2016,,,,,,,,,,,,,,,,,,,,,,,,,,
GLARUS,13.GL,2018,6,,,,,,,,,,,,,,,,,,2016,,,,,,,,,,,,,,,,,,,,,,,,,,
SCHAFFHAUSEN,12.SH,2018,6,,,,,,,,,,,,,,,,,,2016,1,,,,,,,,,,,,,,,,,,,,,,,,,
BASEL-LANDSCHAFT ,20.BL,2018,13,,,,,,,,,,,,,,,,,,2016,,,,,,,,,,,,,,,,,,,,,,,,,,
BASEL-STADT,14.BS,2018,4,,,,,,,,,,,,,,,,,,2016,,,,,,,,,,,,,,,,,,,,,,,,,,
AARGAU,24.AG,2018,25,,,,,,,,,,,,,,,,,,2016,2,,,,,,,,,,,,,,,,,,,,,,,,,
SOLOTHURN ,05.SO,2018,7,,,,,,,,,,,,,,,,,,2016,-1,,,,,,,,,,,,,,,,,,,,,,,,,
ZURICH ,26.ZH,2018,32,,,,,,,,,,,,,,,,,,2016,1,,,,,,,,,,,,,,,,,,,,,,,,,
WALLIS ,18.VS,2018,7,,,,,,,,,,,,,,,,,,2016,1,,,,,,,,,,,,,,,,,,,,,,,,,
BERN ,25.BE,2018,33,,,,,,,,,,,,,,,,,,2016,1,,,,,,,,,,,,,,,,,,,,,,,,,
JURA ,10.JU,2018,7,,,,,,,,,,,,,,,,,,2016,,,,,,,,,,,,,,,,,,,,,,,,,,
NEUCHATEL ,09.NE,2018,3,,,,,,,,,,,,,,,,,,2016,0,,,,,,,,,,,,,,,,,,,,,,,,,
FRIBOURG,17.FR,2018,8,,,,,,,,,,,,,,,,,,2016,,,,,,,,,,,,,,,,,,,,,,,,,,
VAUD,22.VD,2018,13,,,,,,,,,,,,,,,,,,2016,2,,,,,,,,,,,,,,,,,,,,,,,,,
GENEVE,21.GE,2018,14,,,,,,,,,,,,,,,,,,2016,1,,,,,,,,,,,,,,,,,,,,,,,,,
TICINO,11.TI,2019,8,,,,,,,,,,,,,,,,,,2017,,,,,,,,,,,,,,,,,,,,,,,,,,
URI,02.UR,2019,1,,,,,,,,,,,,,,,,,,2017,,,,,,,,,,,,,,,,,,,,,,,,,,
NIDWALDEN,08.NW,2019,3,,,,,,,,,,,,,,,,,,2017,,,,,,,,,,,,,,,,,,,,,,,,,,
SCHWYZ,15.SZ,2019,4,,,,,,,,,,,,,,,,,,2017,,,,,,,,,,,,,,,,,,,,,,,,,,
OBWALDEN,01.OW,2019,1,,,,,,,,,,,,,,,,,,2017,,,,,,,,,,,,,,,,,,,,,,,,,,
LUZERN,06.LU,2019,9,,,,,,,,,,,,,,,,,,2017,1,,,,,,,,,,,,,,,,,,,,,,,,,
ZUG,07.ZG,2019,6,,,,,,,,,,,,,,,,,,2017,,,,,,,,,,,,,,,,,,,,,,,,,,
GRAUBUNDEN,19.GR,2019,12,,,,,,,,,,,,,,,,,,2017,,,,,,,,,,,,,,,,,,,,,,,,,,
APPENZELL AUSSERHODEN,03.AR,2019,2,,,,,,,,,,,,,,,,,,2017,,,,,,,,,,,,,,,,,,,,,,,,,,
APPENZELL INNERHODEN,04.AI,2019,3,,,,,,,,,,,,,,,,,,2017,,,,,,,,,,,,,,,,,,,,,,,,,,
SANKT GALLEN ,16.SG,2019,7,,,,,,,,,,,,,,,,,,2017,1,,,,,,,,,,,,,,,,,,,,,,,,,
THURGAU,23.TG,2019,12,,,,,,,,,,,,,,,,,,2017,,,,,,,,,,,,,,,,,,,,,,,,,,
GLARUS,13.GL,2019,6,,,,,,,,,,,,,,,,,,2017,,,,,,,,,,,,,,,,,,,,,,,,,,
SCHAFFHAUSEN,12.SH,2019,5,,,,,,,,,,,,,,,,,,2017,,,,,,,,,,,,,,,,,,,,,,,,,,
BASEL-LANDSCHAFT ,20.BL,2019,12,,,,,,,,,,,,,,,,,,2017,,,,,,,,,,,,,,,,,,,,,,,,,,
BASEL-STADT,14.BS,2019,4,,,,,,,,,,,,,,,,,,2017,,,,,,,,,,,,,,,,,,,,,,,,,,
AARGAU,24.AG,2019,24,,,,,,,,,,,,,,,,,,2017,1,,,,,,,,,,,,,,,,,,,,,,,,,
SOLOTHURN ,05.SO,2019,6,,,,,,,,,,,,,,,,,,2017,,,,,,,,,,,,,,,,,,,,,,,,,,
ZURICH ,26.ZH,2019,28,,,,,,,,,,,,,,,,,,2017,0,,,,,,,,,,,,,,,,,,,,,,,,,
WALLIS ,18.VS,2019,7,,,,,,,,,,,,,,,,,,2017,,,,,,,,,,,,,,,,,,,,,,,,,,
BERN ,25.BE,2019,27,,,,,,,,,,,,,,,,,,2017,2,,,,,,,,,,,,,,,,,,,,,,,,,
JURA ,10.JU,2019,7,,,,,,,,,,,,,,,,,,2017,1,,,,,,,,,,,,,,,,,,,,,,,,,
NEUCHATEL ,09.NE,2019,2,,,,,,,,,,,,,,,,,,2017,,,,,,,,,,,,,,,,,,,,,,,,,,
FRIBOURG,17.FR,2019,7,,,,,,,,,,,,,,,,,,2017,,,,,,,,,,,,,,,,,,,,,,,,,,
VAUD,22.VD,2019,11,,,,,,,,,,,,,,,,,,2017,2,,,,,,,,,,,,,,,,,,,,,,,,,
GENEVE,21.GE,2019,13,,,,,,,,,,,,,,,,,,2017,1,,,,,,,,,,,,,,,,,,,,,,,,,
TICINO,11.TI,2020,8,,,,,,,,,,,,,,,,,,2018,,,,,,,,,,,,,,,,,,,,,,,,,,
URI,02.UR,2020,1,,,,,,,,,,,,,,,,,,2018,,,,,,,,,,,,,,,,,,,,,,,,,,
NIDWALDEN,08.NW,2020,3,,,,,,,,,,,,,,,,,,2018,,,,,,,,,,,,,,,,,,,,,,,,,,
SCHWYZ,15.SZ,2020,4,,,,,,,,,,,,,,,,,,2018,,,,,,,,,,,,,,,,,,,,,,,,,,
OBWALDEN,01.OW,2020,1,,,,,,,,,,,,,,,,,,2018,,,,,,,,,,,,,,,,,,,,,,,,,,
LUZERN,06.LU,2020,8,,,,,,,,,,,,,,,,,,2018,1,,,,,,,,,,,,,,,,,,,,,,,,,
ZUG,07.ZG,2020,5,,,,,,,,,,,,,,,,,,2018,1,,,,,,,,,,,,,,,,,,,,,,,,,
GRAUBUNDEN,19.GR,2020,9,,,,,,,,,,,,,,,,,,2018,,,,,,,,,,,,,,,,,,,,,,,,,,
APPENZELL AUSSERHODEN,03.AR,2020,2,,,,,,,,,,,,,,,,,,2018,,,,,,,,,,,,,,,,,,,,,,,,,,
APPENZELL INNERHODEN,04.AI,2020,3,,,,,,,,,,,,,,,,,,2018,,,,,,,,,,,,,,,,,,,,,,,,,,
SANKT GALLEN ,16.SG,2020,6,,,,,,,,,,,,,,,,,,2018,,,,,,,,,,,,,,,,,,,,,,,,,,
THURGAU,23.TG,2020,11,,,,,,,,,,,,,,,,,,2018,,,,,,,,,,,,,,,,,,,,,,,,,,
GLARUS,13.GL,2020,6,,,,,,,,,,,,,,,,,,2018,,,,,,,,,,,,,,,,,,,,,,,,,,
SCHAFFHAUSEN,12.SH,2020,5,,,,,,,,,,,,,,,,,,2018,,,,,,,,,,,,,,,,,,,,,,,,,,
BASEL-LANDSCHAFT ,20.BL,2020,10,,,,,,,,,,,,,,,,,,2018,,,,,,,,,,,,,,,,,,,,,,,,,,
BASEL-STADT,14.BS,2020,4,,,,,,,,,,,,,,,,,,2018,,,,,,,,,,,,,,,,,,,,,,,,,,
AARGAU,24.AG,2020,22,,,,,,,,,,,,,,,,,,2018,,,,,,,,,,,,,,,,,,,,,,,,,,
SOLOTHURN ,05.SO,2020,7,,,,,,,,,,,,,,,,,,2018,,,,,,,,,,,,,,,,,,,,,,,,,,
ZURICH ,26.ZH,2020,31,,,,,,,,,,,,,,,,,,2018,2,,,,,,,,,,,,,,,,,,,,,,,,,
WALLIS ,18.VS,2020,7,,,,,,,,,,,,,,,,,,2018,,,,,,,,,,,,,,,,,,,,,,,,,,
BERN ,25.BE,2020,23,,,,,,,,,,,,,,,,,,2018,1,,,,,,,,,,,,,,,,,,,,,,,,,
JURA ,10.JU,2020,7,,,,,,,,,,,,,,,,,,2018,,,,,,,,,,,,,,,,,,,,,,,,,,
NEUCHATEL ,09.NE,2020,2,,,,,,,,,,,,,,,,,,2018,1,,,,,,,,,,,,,,,,,,,,,,,,,
FRIBOURG,17.FR,2020,5,,,,,,,,,,,,,,,,,,2018,2,,,,,,,,,,,,,,,,,,,,,,,,,
VAUD,22.VD,2020,12,,,,,,,,,,,,,,,,,,2018,3,,,,,,,,,,,,,,,,,,,,,,,,,
GENEVE,21.GE,2020,14,,,,,,,,,,,,,,,,,,2018,1,,,,,,,,,,,,,,,,,,,,,,,,,
TICINO,11.TI,2010,4,,,,,,,,,,,,,,,,,,2019,1,,,,,,,,,,,,,,,,,,,,,,,,,
URI,02.UR,2010,1,,,,,,,,,,,,,,,,,,2019,,,,,,,,,,,,,,,,,,,,,,,,,,
NIDWALDEN,08.NW,2010,3,,,,,,,,,,,,,,,,,,2019,,,,,,,,,,,,,,,,,,,,,,,,,,
SCHWYZ,15.SZ,2010,5,,,,,,,,,,,,,,,,,,2019,1,,,,,,,,,,,,,,,,,,,,,,,,,
OBWALDEN,01.OW,2010,0,,,,,,,,,,,,,,,,,,2019,,,,,,,,,,,,,,,,,,,,,,,,,,
LUZERN,06.LU,2010,2,,,,,,,,,,,,,,,,,,2019,3,,,,,,,,,,,,,,,,,,,,,,,,,
ZUG,07.ZG,2010,3,,,,,,,,,,,,,,,,,,2019,,,,,,,,,,,,,,,,,,,,,,,,,,
GRAUBUNDEN,19.GR,2010,7,,,,,,,,,,,,,,,,,,2019,2,,,,,,,,,,,,,,,,,,,,,,,,,
APPENZELL AUSSERHODEN,03.AR,2010,1,,,,,,,,,,,,,,,,,,2019,,,,,,,,,,,,,,,,,,,,,,,,,,
APPENZELL INNERHODEN,04.AI,2010,1,,,,,,,,,,,,,,,,,,2019,1,,,,,,,,,,,,,,,,,,,,,,,,,
SANKT GALLEN ,16.SG,2010,5,,,,,,,,,,,,,,,,,,2019,1,,,,,,,,,,,,,,,,,,,,,,,,,
THURGAU,23.TG,2010,12,,,,,,,,,,,,,,,,,,2019,1,,,,,,,,,,,,,,,,,,,,,,,,,
GLARUS,13.GL,2010,4,,,,,,,,,,,,,,,,,,2019,,,,,,,,,,,,,,,,,,,,,,,,,,
SCHAFFHAUSEN,12.SH,2010,4,,,,,,,,,,,,,,,,,,2019,,,,,,,,,,,,,,,,,,,,,,,,,,
BASEL-LANDSCHAFT ,20.BL,2010,7,,,,,,,,,,,,,,,,,,2019,1,,,,,,,,,,,,,,,,,,,,,,,,,
BASEL-STADT,14.BS,2010,4,,,,,,,,,,,,,,,,,,2019,,,,,,,,,,,,,,,,,,,,,,,,,,
AARGAU,24.AG,2010,12,,,,,,,,,,,,,,,,,,2019,1,,,,,,,,,,,,,,,,,,,,,,,,,
SOLOTHURN ,05.SO,2010,2,,,,,,,,,,,,,,,,,,2019,1,,,,,,,,,,,,,,,,,,,,,,,,,
ZURICH ,26.ZH,2010,22,,,,,,,,,,,,,,,,,,2019,1,,,,,,,,,,,,,,,,,,,,,,,,,
WALLIS ,18.VS,2010,6,,,,,,,,,,,,,,,,,,2019,,,,,,,,,,,,,,,,,,,,,,,,,,
BERN ,25.BE,2010,19,,,,,,,,,,,,,,,,,,2019,2,,,,,,,,,,,,,,,,,,,,,,,,,
JURA ,10.JU,2010,3,,,,,,,,,,,,,,,,,,2019,,,,,,,,,,,,,,,,,,,,,,,,,,
NEUCHATEL ,09.NE,2010,3,,,,,,,,,,,,,,,,,,2019,,,,,,,,,,,,,,,,,,,,,,,,,,
FRIBOURG,17.FR,2010,5,,,,,,,,,,,,,,,,,,2019,-1,,,,,,,,,,,,,,,,,,,,,,,,,
VAUD,22.VD,2010,10,,,,,,,,,,,,,,,,,,2019,2,,,,,,,,,,,,,,,,,,,,,,,,,
GENEVE,21.GE,2010,10,,,,,,,,,,,,,,,,,,2019,,,,,,,,,,,,,,,,,,,,,,,,,,
TICINO,11.TI,2015,8,,,,,,,,,,,,,,,,,,2020,,,,,,,,,,,,,,,,,,,,,,,,,,
URI,02.UR,2015,1,,,,,,,,,,,,,,,,,,2020,,,,,,,,,,,,,,,,,,,,,,,,,,
NIDWALDEN,08.NW,2015,3,,,,,,,,,,,,,,,,,,2020,,,,,,,,,,,,,,,,,,,,,,,,,,
SCHWYZ,15.SZ,2015,5,,,,,,,,,,,,,,,,,,2020,,,,,,,,,,,,,,,,,,,,,,,,,,
OBWALDEN,01.OW,2015,0,,,,,,,,,,,,,,,,,,2020,1,,,,,,,,,,,,,,,,,,,,,,,,,
LUZERN,06.LU,2015,11,,,,,,,,,,,,,,,,,,2020,,,,,,,,,,,,,,,,,,,,,,,,,,
ZUG,07.ZG,2015,5,,,,,,,,,,,,,,,,,,2020,,,,,,,,,,,,,,,,,,,,,,,,,,
GRAUBUNDEN,19.GR,2015,11,,,,,,,,,,,,,,,,,,2020,-1,,,,,,,,,,,,,,,,,,,,,,,,,
APPENZELL AUSSERHODEN,03.AR,2015,1,,,,,,,,,,,,,,,,,,2020,,,,,,,,,,,,,,,,,,,,,,,,,,
APPENZELL INNERHODEN,04.AI,2015,2,,,,,,,,,,,,,,,,,,2020,0,,,,,,,,,,,,,,,,,,,,,,,,,
SANKT GALLEN ,16.SG,2015,9,,,,,,,,,,,,,,,,,,2020,1,,,,,,,,,,,,,,,,,,,,,,,,,
THURGAU,23.TG,2015,13,,,,,,,,,,,,,,,,,,2020,,,,,,,,,,,,,,,,,,,,,,,,,,
GLARUS,13.GL,2015,5,,,,,,,,,,,,,,,,,,2020,,,,,,,,,,,,,,,,,,,,,,,,,,
SCHAFFHAUSEN,12.SH,2015,8,,,,,,,,,,,,,,,,,,2020,2,,,,,,,,,,,,,,,,,,,,,,,,,
BASEL-LANDSCHAFT ,20.BL,2015,9,,,,,,,,,,,,,,,,,,2020,2,,,,,,,,,,,,,,,,,,,,,,,,,
BASEL-STADT,14.BS,2015,6,,,,,,,,,,,,,,,,,,2020,1,,,,,,,,,,,,,,,,,,,,,,,,,
AARGAU,24.AG,2015,25,,,,,,,,,,,,,,,,,,2020,1,,,,,,,,,,,,,,,,,,,,,,,,,
SOLOTHURN ,05.SO,2015,6,,,,,,,,,,,,,,,,,,2020,,,,,,,,,,,,,,,,,,,,,,,,,,
ZURICH ,26.ZH,2015,27,,,,,,,,,,,,,,,,,,2020,2,,,,,,,,,,,,,,,,,,,,,,,,,
WALLIS ,18.VS,2015,8,,,,,,,,,,,,,,,,,,2020,1,,,,,,,,,,,,,,,,,,,,,,,,,
BERN ,25.BE,2015,32,,,,,,,,,,,,,,,,,,2020,3,,,,,,,,,,,,,,,,,,,,,,,,,
JURA ,10.JU,2015,5,,,,,,,,,,,,,,,,,,2020,2,,,,,,,,,,,,,,,,,,,,,,,,,
NEUCHATEL ,09.NE,2015,6,,,,,,,,,,,,,,,,,,2020,,,,,,,,,,,,,,,,,,,,,,,,,,
FRIBOURG,17.FR,2015,7,,,,,,,,,,,,,,,,,,2020,1,,,,,,,,,,,,,,,,,,,,,,,,,
VAUD,22.VD,2015,21,,,,,,,,,,,,,,,,,,2020,3,,,,,,,,,,,,,,,,,,,,,,,,,
GENEVE,21.GE,2015,16,,,,,,,,,,,,,,,,,,2020,,,,,,,,,,,,,,,,,,,,,,,,,,
TICINO,11.TI,,,,,,,,,,,,,,,,,,,,2021,,,,,,,,,,,,,,,,,,,,,,,,,,
URI,02.UR,,,,,,,,,,,,,,,,,,,,2021,,,,,,,,,,,,,,,,,,,,,,,,,,
NIDWALDEN,08.NW,,,,,,,,,,,,,,,,,,,,2021,,,,,,,,,,,,,,,,,,,,,,,,,,
SCHWYZ,15.SZ,,,,,,,,,,,,,,,,,,,,2021,,,,,,,,,,,,,,,,,,,,,,,,,,
OBWALDEN,01.OW,,,,,,,,,,,,,,,,,,,,2021,,,,,,,,,,,,,,,,,,,,,,,,,,
LUZERN,06.LU,,,,,,,,,,,,,,,,,,,,2021,,,,,,,,,,,,,,,,,,,,,,,,,,
ZUG,07.ZG,,,,,,,,,,,,,,,,,,,,2021,,,,,,,,,,,,,,,,,,,,,,,,,,
GRAUBUNDEN,19.GR,,,,,,,,,,,,,,,,,,,,2021,,,,,,,,,,,,,,,,,,,,,,,,,,
APPENZELL AUSSERHODEN,03.AR,,,,,,,,,,,,,,,,,,,,2021,,,,,,,,,,,,,,,,,,,,,,,,,,
APPENZELL INNERHODEN,04.AI,,,,,,,,,,,,,,,,,,,,2021,,,,,,,,,,,,,,,,,,,,,,,,,,
SANKT GALLEN ,16.SG,,,,,,,,,,,,,,,,,,,,2021,-1,,,,,,,,,,,,,,,,,,,,,,,,,
THURGAU,23.TG,,,,,,,,,,,,,,,,,,,,2021,,,,,,,,,,,,,,,,,,,,,,,,,,
GLARUS,13.GL,,,,,,,,,,,,,,,,,,,,2021,,,,,,,,,,,,,,,,,,,,,,,,,,
SCHAFFHAUSEN,12.SH,,,,,,,,,,,,,,,,,,,,2021,-2,,,,,,,,,,,,,,,,,,,,,,,,,
BASEL-LANDSCHAFT ,20.BL,,,,,,,,,,,,,,,,,,,,2021,,,,,,,,,,,,,,,,,,,,,,,,,,
BASEL-STADT,14.BS,,,,,,,,,,,,,,,,,,,,2021,1,,,,,,,,,,,,,,,,,,,,,,,,,
AARGAU,24.AG,,,,,,,,,,,,,,,,,,,,2021,,,,,,,,,,,,,,,,,,,,,,,,,,
SOLOTHURN ,05.SO,,,,,,,,,,,,,,,,,,,,2021,,,,,,,,,,,,,,,,,,,,,,,,,,
ZURICH ,26.ZH,,,,,,,,,,,,,,,,,,,,2021,0,,,,,,,,,,,,,,,,,,,,,,,,,
WALLIS ,18.VS,,,,,,,,,,,,,,,,,,,,2021,,,,,,,,,,,,,,,,,,,,,,,,,,
BERN ,25.BE,,,,,,,,,,,,,,,,,,,,2021,,,,,,,,,,,,,,,,,,,,,,,,,,
JURA ,10.JU,,,,,,,,,,,,,,,,,,,,2021,,,,,,,,,,,,,,,,,,,,,,,,,,
NEUCHATEL ,09.NE,,,,,,,,,,,,,,,,,,,,2021,,,,,,,,,,,,,,,,,,,,,,,,,,
FRIBOURG,17.FR,,,,,,,,,,,,,,,,,,,,2021,,,,,,,,,,,,,,,,,,,,,,,,,,
VAUD,22.VD,,,,,,,,,,,,,,,,,,,,2021,,,,,,,,,,,,,,,,,,,,,,,,,,
GENEVE,21.GE,,,,,,,,,,,,,,,,,,,,2021,,,,,,,,,,,,,,,,,,,,,,,,,,
TICINO,11.TI,,,,,,,,,,,,,,,,,,,,2022,,,,,,,,,,,,,,,,,,,,,,,,,,
URI,02.UR,,,,,,,,,,,,,,,,,,,,2022,,,,,,,,,,,,,,,,,,,,,,,,,,
NIDWALDEN,08.NW,,,,,,,,,,,,,,,,,,,,2022,,,,,,,,,,,,,,,,,,,,,,,,,,
SCHWYZ,15.SZ,,,,,,,,,,,,,,,,,,,,2022,,,,,,,,,,,,,,,,,,,,,,,,,,
OBWALDEN,01.OW,,,,,,,,,,,,,,,,,,,,2022,,,,,,,,,,,,,,,,,,,,,,,,,,
LUZERN,06.LU,,,,,,,,,,,,,,,,,,,,2022,,,,,,,,,,,,,,,,,,,,,,,,,,
ZUG,07.ZG,,,,,,,,,,,,,,,,,,,,2022,,,,,,,,,,,,,,,,,,,,,,,,,,
GRAUBUNDEN,19.GR,,,,,,,,,,,,,,,,,,,,2022,,,,,,,,,,,,,,,,,,,,,,,,,,
APPENZELL AUSSERHODEN,03.AR,,,,,,,,,,,,,,,,,,,,2022,,,,,,,,,,,,,,,,,,,,,,,,,,
APPENZELL INNERHODEN,04.AI,,,,,,,,,,,,,,,,,,,,2022,,,,,,,,,,,,,,,,,,,,,,,,,,
SANKT GALLEN ,16.SG,,,,,,,,,,,,,,,,,,,,2022,0,,,,,,,,,,,,,,,,,,,,,,,,,
THURGAU,23.TG,,,,,,,,,,,,,,,,,,,,2022,,,,,,,,,,,,,,,,,,,,,,,,,,
GLARUS,13.GL,,,,,,,,,,,,,,,,,,,,2022,,,,,,,,,,,,,,,,,,,,,,,,,,
SCHAFFHAUSEN,12.SH,,,,,,,,,,,,,,,,,,,,2022,,,,,,,,,,,,,,,,,,,,,,,,,,
BASEL-LANDSCHAFT ,20.BL,,,,,,,,,,,,,,,,,,,,2022,2,,,,,,,,,,,,,,,,,,,,,,,,,
BASEL-STADT,14.BS,,,,,,,,,,,,,,,,,,,,2022,,,,,,,,,,,,,,,,,,,,,,,,,,
AARGAU,24.AG,,,,,,,,,,,,,,,,,,,,2022,,,,,,,,,,,,,,,,,,,,,,,,,,
SOLOTHURN ,05.SO,,,,,,,,,,,,,,,,,,,,2022,1,,,,,,,,,,,,,,,,,,,,,,,,,
ZURICH ,26.ZH,,,,,,,,,,,,,,,,,,,,2022,8,,,,,,,,,,,,,,,,,,,,,,,,,
WALLIS ,18.VS,,,,,,,,,,,,,,,,,,,,2022,,,,,,,,,,,,,,,,,,,,,,,,,,
BERN ,25.BE,,,,,,,,,,,,,,,,,,,,2022,4,,,,,,,,,,,,,,,,,,,,,,,,,
JURA ,10.JU,,,,,,,,,,,,,,,,,,,,2022,,,,,,,,,,,,,,,,,,,,,,,,,,
NEUCHATEL ,09.NE,,,,,,,,,,,,,,,,,,,,2022,,,,,,,,,,,,,,,,,,,,,,,,,,
FRIBOURG,17.FR,,,,,,,,,,,,,,,,,,,,2022,,,,,,,,,,,,,,,,,,,,,,,,,,
VAUD,22.VD,,,,,,,,,,,,,,,,,,,,2022,,,,,,,,,,,,,,,,,,,,,,,,,,
GENEVE,21.GE,,,,,,,,,,,,,,,,,,,,2022,2,,,,,,,,,,,,,,,,,,,,,,,,,
TICINO,11.TI,,,,,,,,,,,,,,,,,,,,2023,,,,,,,,,,,,,,,,,,,,,,,,,,
URI,02.UR,,,,,,,,,,,,,,,,,,,,2023,,,,,,,,,,,,,,,,,,,,,,,,,,
NIDWALDEN,08.NW,,,,,,,,,,,,,,,,,,,,2023,,,,,,,,,,,,,,,,,,,,,,,,,,
SCHWYZ,15.SZ,,,,,,,,,,,,,,,,,,,,2023,,,,,,,,,,,,,,,,,,,,,,,,,,
OBWALDEN,01.OW,,,,,,,,,,,,,,,,,,,,2023,,,,,,,,,,,,,,,,,,,,,,,,,,
LUZERN,06.LU,,,,,,,,,,,,,,,,,,,,2023,2,,,,,,,,,,,,,,,,,,,,,,,,,
ZUG,07.ZG,,,,,,,,,,,,,,,,,,,,2023,-1,,,,,,,,,,,,,,,,,,,,,,,,,
GRAUBUNDEN,19.GR,,,,,,,,,,,,,,,,,,,,2023,,,,,,,,,,,,,,,,,,,,,,,,,,
APPENZELL AUSSERHODEN,03.AR,,,,,,,,,,,,,,,,,,,,2023,1,,,,,,,,,,,,,,,,,,,,,,,,,
APPENZELL INNERHODEN,04.AI,,,,,,,,,,,,,,,,,,,,2023,,,,,,,,,,,,,,,,,,,,,,,,,,
SANKT GALLEN ,16.SG,,,,,,,,,,,,,,,,,,,,2023,1,,,,,,,,,,,,,,,,,,,,,,,,,
THURGAU,23.TG,,,,,,,,,,,,,,,,,,,,2023,,,,,,,,,,,,,,,,,,,,,,,,,,
GLARUS,13.GL,,,,,,,,,,,,,,,,,,,,2023,,,,,,,,,,,,,,,,,,,,,,,,,,
SCHAFFHAUSEN,12.SH,,,,,,,,,,,,,,,,,,,,2023,,,,,,,,,,,,,,,,,,,,,,,,,,
BASEL-LANDSCHAFT ,20.BL,,,,,,,,,,,,,,,,,,,,2023,1,,,,,,,,,,,,,,,,,,,,,,,,,
BASEL-STADT,14.BS,,,,,,,,,,,,,,,,,,,,2023,,,,,,,,,,,,,,,,,,,,,,,,,,
AARGAU,24.AG,,,,,,,,,,,,,,,,,,,,2023,2,,,,,,,,,,,,,,,,,,,,,,,,,
SOLOTHURN ,05.SO,,,,,,,,,,,,,,,,,,,,2023,1,,,,,,,,,,,,,,,,,,,,,,,,,
ZURICH ,26.ZH,,,,,,,,,,,,,,,,,,,,2023,0,,,,,,,,,,,,,,,,,,,,,,,,,
WALLIS ,18.VS,,,,,,,,,,,,,,,,,,,,2023,,,,,,,,,,,,,,,,,,,,,,,,,,
BERN ,25.BE,,,,,,,,,,,,,,,,,,,,2023,,,,,,,,,,,,,,,,,,,,,,,,,,
JURA ,10.JU,,,,,,,,,,,,,,,,,,,,2023,,,,,,,,,,,,,,,,,,,,,,,,,,
NEUCHATEL ,09.NE,,,,,,,,,,,,,,,,,,,,2023,,,,,,,,,,,,,,,,,,,,,,,,,,
FRIBOURG,17.FR,,,,,,,,,,,,,,,,,,,,2023,2,,,,,,,,,,,,,,,,,,,,,,,,,
VAUD,22.VD,,,,,,,,,,,,,,,,,,,,2023,1,,,,,,,,,,,,,,,,,,,,,,,,,
GENEVE,21.GE,,,,,,,,,,,,,,,,,,,,2023,,,,,,,,,,,,,,,,,,,,,,,,,,
TICINO,11.TI,,,,,,,,,,,,,,,,,,,,2024,,,,,,,,,,,,,,,,,,,,,,,,,,
URI,02.UR,,,,,,,,,,,,,,,,,,,,2024,,,,,,,,,,,,,,,,,,,,,,,,,,
NIDWALDEN,08.NW,,,,,,,,,,,,,,,,,,,,2024,1,,,,,,,,,,,,,,,,,,,,,,,,,
SCHWYZ,15.SZ,,,,,,,,,,,,,,,,,,,,2024,,,,,,,,,,,,,,,,,,,,,,,,,,
OBWALDEN,01.OW,,,,,,,,,,,,,,,,,,,,2024,,,,,,,,,,,,,,,,,,,,,,,,,,
LUZERN,06.LU,,,,,,,,,,,,,,,,,,,,2024,0,,,,,,,,,,,,,,,,,,,,,,,,,
ZUG,07.ZG,,,,,,,,,,,,,,,,,,,,2024,1,,,,,,,,,,,,,,,,,,,,,,,,,
GRAUBUNDEN,19.GR,,,,,,,,,,,,,,,,,,,,2024,-1,,,,,,,,,,,,,,,,,,,,,,,,,
APPENZELL AUSSERHODEN,03.AR,,,,,,,,,,,,,,,,,,,,2024,,,,,,,,,,,,,,,,,,,,,,,,,,
APPENZELL INNERHODEN,04.AI,,,,,,,,,,,,,,,,,,,,2024,,,,,,,,,,,,,,,,,,,,,,,,,,
SANKT GALLEN ,16.SG,,,,,,,,,,,,,,,,,,,,2024,-2,,,,,,,,,,,,,,,,,,,,,,,,,
THURGAU,23.TG,,,,,,,,,,,,,,,,,,,,2024,,,,,,,,,,,,,,,,,,,,,,,,,,
GLARUS,13.GL,,,,,,,,,,,,,,,,,,,,2024,1,,,,,,,,,,,,,,,,,,,,,,,,,
SCHAFFHAUSEN,12.SH,,,,,,,,,,,,,,,,,,,,2024,,,,,,,,,,,,,,,,,,,,,,,,,,
BASEL-LANDSCHAFT ,20.BL,,,,,,,,,,,,,,,,,,,,2024,,,,,,,,,,,,,,,,,,,,,,,,,,
BASEL-STADT,14.BS,,,,,,,,,,,,,,,,,,,,2024,,,,,,,,,,,,,,,,,,,,,,,,,,
AARGAU,24.AG,,,,,,,,,,,,,,,,,,,,2024,,,,,,,,,,,,,,,,,,,,,,,,,,
SOLOTHURN ,05.SO,,,,,,,,,,,,,,,,,,,,2024,,,,,,,,,,,,,,,,,,,,,,,,,,
ZURICH ,26.ZH,,,,,,,,,,,,,,,,,,,,2024,-1,,,,,,,,,,,,,,,,,,,,,,,,,
WALLIS ,18.VS,,,,,,,,,,,,,,,,,,,,2024,-1,,,,,,,,,,,,,,,,,,,,,,,,,
BERN ,25.BE,,,,,,,,,,,,,,,,,,,,2024,1,,,,,,,,,,,,,,,,,,,,,,,,,
JURA ,10.JU,,,,,,,,,,,,,,,,,,,,2024,,,,,,,,,,,,,,,,,,,,,,,,,,
NEUCHATEL ,09.NE,,,,,,,,,,,,,,,,,,,,2024,,,,,,,,,,,,,,,,,,,,,,,,,,
FRIBOURG,17.FR,,,,,,,,,,,,,,,,,,,,2024,-1,,,,,,,,,,,,,,,,,,,,,,,,,
VAUD,22.VD,,,,,,,,,,,,,,,,,,,,2024,-3,,,,,,,,,,,,,,,,,,,,,,,,,
GENEVE,21.GE,,,,,,,,,,,,,,,,,,,,2024,3,,,,,,,,,,,,,,,,,,,,,,,,,
TICINO,11.TI,,,,,,,,,,,,,,,,,,,,2025,,,,,,,,,,,,,,,,,,,,,,,,,,
URI,02.UR,,,,,,,,,,,,,,,,,,,,2025,,,,,,,,,,,,,,,,,,,,,,,,,,
NIDWALDEN,08.NW,,,,,,,,,,,,,,,,,,,,2025,,,,,,,,,,,,,,,,,,,,,,,,,,
SCHWYZ,15.SZ,,,,,,,,,,,,,,,,,,,,2025,,,,,,,,,,,,,,,,,,,,,,,,,,
OBWALDEN,01.OW,,,,,,,,,,,,,,,,,,,,2025,,,,,,,,,,,,,,,,,,,,,,,,,,
LUZERN,06.LU,,,,,,,,,,,,,,,,,,,,2025,0,,,,,,,,,,,,,,,,,,,,,,,,,
ZUG,07.ZG,,,,,,,,,,,,,,,,,,,,2025,,,,,,,,,,,,,,,,,,,,,,,,,,
GRAUBUNDEN,19.GR,,,,,,,,,,,,,,,,,,,,2025,,,,,,,,,,,,,,,,,,,,,,,,,,
APPENZELL AUSSERHODEN,03.AR,,,,,,,,,,,,,,,,,,,,2025,2,,,,,,,,,,,,,,,,,,,,,,,,,
APPENZELL INNERHODEN,04.AI,,,,,,,,,,,,,,,,,,,,2025,,,,,,,,,,,,,,,,,,,,,,,,,,
SANKT GALLEN ,16.SG,,,,,,,,,,,,,,,,,,,,2025,-1,,,,,,,,,,,,,,,,,,,,,,,,,
THURGAU,23.TG,,,,,,,,,,,,,,,,,,,,2025,,,,,,,,,,,,,,,,,,,,,,,,,,
GLARUS,13.GL,,,,,,,,,,,,,,,,,,,,2025,,,,,,,,,,,,,,,,,,,,,,,,,,
SCHAFFHAUSEN,12.SH,,,,,,,,,,,,,,,,,,,,2025,,,,,,,,,,,,,,,,,,,,,,,,,,
BASEL-LANDSCHAFT ,20.BL,,,,,,,,,,,,,,,,,,,,2025,1,,,,,,,,,,,,,,,,,,,,,,,,,
BASEL-STADT,14.BS,,,,,,,,,,,,,,,,,,,,2025,-1,,,,,,,,,,,,,,,,,,,,,,,,,
AARGAU,24.AG,,,,,,,,,,,,,,,,,,,,2025,-1,,,,,,,,,,,,,,,,,,,,,,,,,
SOLOTHURN ,05.SO,,,,,,,,,,,,,,,,,,,,2025,,,,,,,,,,,,,,,,,,,,,,,,,,
ZURICH ,26.ZH,,,,,,,,,,,,,,,,,,,,2025,0,,,,,,,,,,,,,,,,,,,,,,,,,
WALLIS ,18.VS,,,,,,,,,,,,,,,,,,,,2025,,,,,,,,,,,,,,,,,,,,,,,,,,
BERN ,25.BE,,,,,,,,,,,,,,,,,,,,2025,1,,,,,,,,,,,,,,,,,,,,,,,,,
JURA ,10.JU,,,,,,,,,,,,,,,,,,,,2025,,,,,,,,,,,,,,,,,,,,,,,,,,
NEUCHATEL ,09.NE,,,,,,,,,,,,,,,,,,,,2025,-1,,,,,,,,,,,,,,,,,,,,,,,,,
FRIBOURG,17.FR,,,,,,,,,,,,,,,,,,,,2025,,,,,,,,,,,,,,,,,,,,,,,,,,
VAUD,22.VD,,,,,,,,,,,,,,,,,,,,2025,1,,,,,,,,,,,,,,,,,,,,,,,,,
GENEVE,21.GE,,,,,,,,,,,,,,,,,,,,2025,,,,,,,,,,,,,,,,,,,,,,,,,,
TICINO,11.TI,,,,,,,,,,,,,,,,,,,,2026,,,,,,,,,,,,,,,,,,,,,,,,,,
URI,02.UR,,,,,,,,,,,,,,,,,,,,2026,,,,,,,,,,,,,,,,,,,,,,,,,,
NIDWALDEN,08.NW,,,,,,,,,,,,,,,,,,,,2026,-1,,,,,,,,,,,,,,,,,,,,,,,,,
SCHWYZ,15.SZ,,,,,,,,,,,,,,,,,,,,2026,,,,,,,,,,,,,,,,,,,,,,,,,,
OBWALDEN,01.OW,,,,,,,,,,,,,,,,,,,,2026,,,,,,,,,,,,,,,,,,,,,,,,,,
LUZERN,06.LU,,,,,,,,,,,,,,,,,,,,2026,,,,,,,,,,,,,,,,,,,,,,,,,,
ZUG,07.ZG,,,,,,,,,,,,,,,,,,,,2026,,,,,,,,,,,,,,,,,,,,,,,,,,
GRAUBUNDEN,19.GR,,,,,,,,,,,,,,,,,,,,2026,1,,,,,,,,,,,,,,,,,,,,,,,,,
APPENZELL AUSSERHODEN,03.AR,,,,,,,,,,,,,,,,,,,,2026,1,,,,,,,,,,,,,,,,,,,,,,,,,
APPENZELL INNERHODEN,04.AI,,,,,,,,,,,,,,,,,,,,2026,,,,,,,,,,,,,,,,,,,,,,,,,,
SANKT GALLEN ,16.SG,,,,,,,,,,,,,,,,,,,,2026,,,,,,,,,,,,,,,,,,,,,,,,,,
THURGAU,23.TG,,,,,,,,,,,,,,,,,,,,2026,,,,,,,,,,,,,,,,,,,,,,,,,,
GLARUS,13.GL,,,,,,,,,,,,,,,,,,,,2026,,,,,,,,,,,,,,,,,,,,,,,,,,
SCHAFFHAUSEN,12.SH,,,,,,,,,,,,,,,,,,,,2026,,,,,,,,,,,,,,,,,,,,,,,,,,
BASEL-LANDSCHAFT ,20.BL,,,,,,,,,,,,,,,,,,,,2026,,,,,,,,,,,,,,,,,,,,,,,,,,
BASEL-STADT,14.BS,,,,,,,,,,,,,,,,,,,,2026,-1,,,,,,,,,,,,,,,,,,,,,,,,,
AARGAU,24.AG,,,,,,,,,,,,,,,,,,,,2026,,,,,,,,,,,,,,,,,,,,,,,,,,
SOLOTHURN ,05.SO,,,,,,,,,,,,,,,,,,,,2026,,,,,,,,,,,,,,,,,,,,,,,,,,
ZURICH ,26.ZH,,,,,,,,,,,,,,,,,,,,2026,0,,,,,,,,,,,,,,,,,,,,,,,,,
WALLIS ,18.VS,,,,,,,,,,,,,,,,,,,,2026,1,,,,,,,,,,,,,,,,,,,,,,,,,
BERN ,25.BE,,,,,,,,,,,,,,,,,,,,2026,-2,,,,,,,,,,,,,,,,,,,,,,,,,
JURA ,10.JU,,,,,,,,,,,,,,,,,,,,2026,-1,,,,,,,,,,,,,,,,,,,,,,,,,
NEUCHATEL ,09.NE,,,,,,,,,,,,,,,,,,,,2026,-1,,,,,,,,,,,,,,,,,,,,,,,,,
FRIBOURG,17.FR,,,,,,,,,,,,,,,,,,,,2026,,,,,,,,,,,,,,,,,,,,,,,,,,
VAUD,22.VD,,,,,,,,,,,,,,,,,,,,2026,,,,,,,,,,,,,,,,,,,,,,,,,,
GENEVE,21.GE,,,,,,,,,,,,,,,,,,,,2026,,,,,,,,,,,,,,,,,,,,,,,,,,
